{"ema_fast": 9, "ema_mid": 21, "sma50_win": 50, "sma200_win": 200, "rsi_len": 14, "macd_fast": 12, "macd_slow": 26, "macd_signal": 9, "vma_win": 20, "vwap_win": 195, "vp_win": 170, "delta_win": 300, "w_macd": 0.8500000000000006, "w_trend": 1.7000000000000004, "w_rsi": 1.1000000000000005, "w_vol": 1.5500000000000005, "w_vwap": 1.6000000000000005, "w_poc": 0.999999999999997, "w_mtf": 1.349999999999999, "score_enter": 1.6999999999999997, "score_exit": 0.2999999999999999}