{"ema_fast": 9, "ema_mid": 21, "sma50_win": 50, "sma200_win": 200, "rsi_len": 14, "macd_fast": 12, "macd_slow": 26, "macd_signal": 9, "vma_win": 20, "vwap_win": 135, "vp_win": 80, "delta_win": 300, "w_macd": 0.6499999999999998, "w_trend": 1.3000000000000003, "w_rsi": 1.6499999999999986, "w_vol": 0.2, "w_vwap": 0.45000000000000034, "w_poc": 1.1500000000000006, "w_mtf": 0.5999999999999993, "score_enter": 1.4000000000000004, "score_exit": 0.75}