{"ema_fast": 9, "ema_mid": 21, "sma50_win": 50, "sma200_win": 200, "rsi_len": 14, "macd_fast": 12, "macd_slow": 26, "macd_signal": 9, "vma_win": 20, "vwap_win": 105, "vp_win": 80, "delta_win": 300, "w_macd": 0.7500000000000002, "w_trend": 1.3999999999999995, "w_rsi": 1.4000000000000004, "w_vol": 2.000000000000001, "w_vwap": 2.1, "w_poc": 0.3500000000000001, "w_mtf": 2.399999999999998, "score_enter": 0.8999999999999992, "score_exit": 0.34999999999999987}