{"ema_fast": 9, "ema_mid": 21, "sma50_win": 50, "sma200_win": 200, "rsi_len": 14, "macd_fast": 12, "macd_slow": 26, "macd_signal": 9, "vma_win": 20, "vwap_win": 170, "vp_win": 260, "delta_win": 300, "w_macd": 2.3999999999999995, "w_trend": 0.4, "w_rsi": 2.3000000000000007, "w_vol": 1.6499999999999997, "w_vwap": 1.2999999999999985, "w_poc": 0.7999999999999997, "w_mtf": 1.2499999999999991, "score_enter": 1.4999999999999996, "score_exit": 0.10000000000000002}