{"ema_fast": 9, "ema_mid": 21, "sma50_win": 50, "sma200_win": 200, "rsi_len": 14, "macd_fast": 12, "macd_slow": 26, "macd_signal": 9, "vma_win": 20, "vwap_win": 105, "vp_win": 180, "delta_win": 300, "w_macd": 0.20000000000000004, "w_trend": 0.5000000000000001, "w_rsi": 0.20000000000000007, "w_vol": 1.0499999999999985, "w_vwap": 1.5500000000000003, "w_poc": 1.700000000000002, "w_mtf": 1.1500000000000001, "score_enter": 1.1999999999999993, "score_exit": 0.2999999999999999}