{"ema_fast": 9, "ema_mid": 21, "sma50_win": 50, "sma200_win": 200, "rsi_len": 14, "macd_fast": 12, "macd_slow": 26, "macd_signal": 9, "vma_win": 20, "vwap_win": 130, "vp_win": 90, "delta_win": 300, "w_macd": 2.5, "w_trend": 0.35000000000000003, "w_rsi": 1.4000000000000001, "w_vol": 0.44999999999999996, "w_vwap": 1.0999999999999992, "w_poc": 1.8499999999999988, "w_mtf": 1.7999999999999992, "score_enter": 1.3999999999999995, "score_exit": 0.2}