{"ema_fast": 9, "ema_mid": 21, "sma50_win": 50, "sma200_win": 200, "rsi_len": 14, "macd_fast": 12, "macd_slow": 26, "macd_signal": 9, "vma_win": 20, "vwap_win": 60, "vp_win": 510, "delta_win": 300, "w_macd": 1.799999999999999, "w_trend": 0.8999999999999999, "w_rsi": 1.2500000000000004, "w_vol": 2.25, "w_vwap": 2.5, "w_poc": 1.4499999999999984, "w_mtf": 2.3, "score_enter": 1.5000000000000004, "score_exit": 0.15000000000000002}