{"ema_fast": 9, "ema_mid": 21, "sma50_win": 50, "sma200_win": 200, "rsi_len": 14, "macd_fast": 12, "macd_slow": 26, "macd_signal": 9, "vma_win": 20, "vwap_win": 145, "vp_win": 70, "delta_win": 300, "w_macd": 1.7500000000000004, "w_trend": 2.15, "w_rsi": 0.30000000000000004, "w_vol": 2.5, "w_vwap": 0.4000000000000005, "w_poc": 0.6999999999999997, "w_mtf": 0.4500000000000001, "score_enter": 0.8, "score_exit": 0.39999999999999997}