{"ema_fast": 9, "ema_mid": 21, "sma50_win": 50, "sma200_win": 200, "rsi_len": 14, "macd_fast": 12, "macd_slow": 26, "macd_signal": 9, "vma_win": 20, "vwap_win": 40, "vp_win": 340, "delta_win": 300, "w_macd": 1.4999999999999987, "w_trend": 2.1500000000000004, "w_rsi": 1.0, "w_vol": 2.5, "w_vwap": 1.7499999999999998, "w_poc": 1.6499999999999995, "w_mtf": 0.8499999999999998, "score_enter": 1.7999999999999998, "score_exit": 0.1}