{
  "ts": "20251113T135254Z",
  "pnl_usd": -792520.0,
  "trades": 665,
  "winrate_pct": 21.5,
  "ema9": 9,
  "ema21": 21,
  "sma50": 50,
  "sma200": 200,
  "rsi_len": 14,
  "macd": [
    12,
    26,
    9
  ],
  "vma_win": 20,
  "vwap_win": 40,
  "vp_win": 340,
  "weights": {
    "trend": 2.1500000000000004,
    "macd": 1.4999999999999987,
    "rsi": 1.0,
    "vol": 2.5,
    "vwap": 1.7499999999999998,
    "poc": 1.6499999999999995,
    "mtf": 0.8499999999999998
  },
  "thresholds": {
    "enter": 1.7999999999999998,
    "exit": 0.1
  },
  "data_source": "data/mnq_5m.csv"
}