{
  "ts": "20251112T023617Z",
  "pnl_usd": 48935.0,
  "trades": 572,
  "winrate_pct": 32.52,
  "ema9": 9,
  "ema21": 21,
  "sma50": 50,
  "sma200": 200,
  "rsi_len": 14,
  "macd": [
    12,
    26,
    9
  ],
  "vma_win": 20,
  "vwap_win": 105,
  "vp_win": 180,
  "weights": {
    "trend": 0.5000000000000001,
    "macd": 0.20000000000000004,
    "rsi": 0.20000000000000007,
    "vol": 1.0499999999999985,
    "vwap": 1.5500000000000003,
    "poc": 1.700000000000002,
    "mtf": 1.1500000000000001
  },
  "thresholds": {
    "enter": 1.1999999999999993,
    "exit": 0.2999999999999999
  },
  "data_source": "data/mnq_5m.csv"
}