{
  "ts": "20251115T133949Z",
  "pnl_usd": 79055.0,
  "trades": 630,
  "winrate_pct": 29.21,
  "ema9": 9,
  "ema21": 21,
  "sma50": 50,
  "sma200": 200,
  "rsi_len": 14,
  "macd": [
    12,
    26,
    9
  ],
  "vma_win": 20,
  "vwap_win": 135,
  "vp_win": 80,
  "weights": {
    "trend": 1.3000000000000003,
    "macd": 0.6499999999999998,
    "rsi": 1.6499999999999986,
    "vol": 0.2,
    "vwap": 0.45000000000000034,
    "poc": 1.1500000000000006,
    "mtf": 0.5999999999999993
  },
  "thresholds": {
    "enter": 1.4000000000000004,
    "exit": 0.75
  },
  "data_source": "data/mnq_5m.csv"
}