{
  "ts": "20251114T135317Z",
  "pnl_usd": 87260.0,
  "trades": 438,
  "winrate_pct": 31.74,
  "ema9": 9,
  "ema21": 21,
  "sma50": 50,
  "sma200": 200,
  "rsi_len": 14,
  "macd": [
    12,
    26,
    9
  ],
  "vma_win": 20,
  "vwap_win": 130,
  "vp_win": 90,
  "weights": {
    "trend": 0.35000000000000003,
    "macd": 2.5,
    "rsi": 1.4000000000000001,
    "vol": 0.44999999999999996,
    "vwap": 1.0999999999999992,
    "poc": 1.8499999999999988,
    "mtf": 1.7999999999999992
  },
  "thresholds": {
    "enter": 1.3999999999999995,
    "exit": 0.2
  },
  "data_source": "data/mnq_5m.csv"
}