{
  "ts": "20251113T172209Z",
  "pnl_usd": 48740.0,
  "trades": 690,
  "winrate_pct": 29.13,
  "ema9": 9,
  "ema21": 21,
  "sma50": 50,
  "sma200": 200,
  "rsi_len": 14,
  "macd": [
    12,
    26,
    9
  ],
  "vma_win": 20,
  "vwap_win": 60,
  "vp_win": 510,
  "weights": {
    "trend": 0.8999999999999999,
    "macd": 1.799999999999999,
    "rsi": 1.2500000000000004,
    "vol": 2.25,
    "vwap": 2.5,
    "poc": 1.4499999999999984,
    "mtf": 2.3
  },
  "thresholds": {
    "enter": 1.5000000000000004,
    "exit": 0.15000000000000002
  },
  "data_source": "data/mnq_5m.csv"
}