{
  "ts": "20251115T025304Z",
  "pnl_usd": 63065.0,
  "trades": 637,
  "winrate_pct": 31.24,
  "ema9": 9,
  "ema21": 21,
  "sma50": 50,
  "sma200": 200,
  "rsi_len": 14,
  "macd": [
    12,
    26,
    9
  ],
  "vma_win": 20,
  "vwap_win": 170,
  "vp_win": 260,
  "weights": {
    "trend": 0.4,
    "macd": 2.3999999999999995,
    "rsi": 2.3000000000000007,
    "vol": 1.6499999999999997,
    "vwap": 1.2999999999999985,
    "poc": 0.7999999999999997,
    "mtf": 1.2499999999999991
  },
  "thresholds": {
    "enter": 1.4999999999999996,
    "exit": 0.10000000000000002
  },
  "data_source": "data/mnq_5m.csv"
}