{
  "ts": "20251112T135539Z",
  "pnl_usd": -816385.0,
  "trades": 684,
  "winrate_pct": 21.49,
  "ema9": 9,
  "ema21": 21,
  "sma50": 50,
  "sma200": 200,
  "rsi_len": 14,
  "macd": [
    12,
    26,
    9
  ],
  "vma_win": 20,
  "vwap_win": 105,
  "vp_win": 80,
  "weights": {
    "trend": 1.3999999999999995,
    "macd": 0.7500000000000002,
    "rsi": 1.4000000000000004,
    "vol": 2.000000000000001,
    "vwap": 2.1,
    "poc": 0.3500000000000001,
    "mtf": 2.399999999999998
  },
  "thresholds": {
    "enter": 0.8999999999999992,
    "exit": 0.34999999999999987
  },
  "data_source": "data/mnq_5m.csv"
}