{
  "ts": "20251112T024404Z",
  "pnl_usd": 49290.0,
  "trades": 434,
  "winrate_pct": 25.58,
  "ema9": 9,
  "ema21": 21,
  "sma50": 50,
  "sma200": 200,
  "rsi_len": 14,
  "macd": [
    12,
    26,
    9
  ],
  "vma_win": 20,
  "vwap_win": 195,
  "vp_win": 170,
  "weights": {
    "trend": 1.7000000000000004,
    "macd": 0.8500000000000006,
    "rsi": 1.1000000000000005,
    "vol": 1.5500000000000005,
    "vwap": 1.6000000000000005,
    "poc": 0.999999999999997,
    "mtf": 1.349999999999999
  },
  "thresholds": {
    "enter": 1.6999999999999997,
    "exit": 0.2999999999999999
  },
  "data_source": "data/mnq_5m.csv"
}